evolution$generation,evolution$evaluated,firmSizeScaling,crossOverProba,crossOverShare,mutationProba,mutationAmplitude,currentProductShare,interactionProba,distanceDecay,averageFitness,diversity,evolution$samples,interactionProba,crossOverProba,crossOverShare,interactionIntensity,fitnessEntropy,mutationAmplitude,distanceDecay,averageFitness,firmSizeScaling,bestFitness,largestFirmSize,diversity,fitnessDiff,timeSteps,mutationProba,firmsNumber,replication,currentProductShare,genomeSize
2600,2600,0.1,0.5884397640047075,0.5504817095181129,0.0,1.852317461345499,0.46711211684470294,5.617537774931459E-5,0.5397822649239283,-157.65813180788857,-0.4853043418716326,1,"[5.617537774931459E-5]","[0.5884397640047075]","[0.5504817095181129]","[0.0]","[0.10791115012790894]","[1.852317461345499]","[0.5397822649239283]","[-157.65813180788857]","[0.1]","[221.55939914672953]","[100]","[-0.4853043418716326]","[0.7654074591107219]","[100]","[0.0]","[10]","[4384005837910846960]","[0.46711211684470294]","[10]"
2600,2600,0.3607667536433852,0.5889190822512871,0.558626353888921,0.008486639301238514,3.2545296401464485,0.4229246236936376,1.8719277069011E-5,60.18307998706428,-567.308974310921,-0.1982123515774108,1,"[1.8719277069011E-5]","[0.5889190822512871]","[0.558626353888921]","[1.2362281550308147E-7]","[0.11111060610098782]","[3.2545296401464485]","[60.18307998706428]","[-567.308974310921]","[0.3607667536433852]","[569.2716284095164]","[100]","[-0.1982123515774108]","[0.011401626980452275]","[100]","[0.008486639301238514]","[10]","[-6416234458925191385]","[0.4229246236936376]","[10]"
2600,2600,0.1,1.0,0.17761977586532252,0.038203129953307505,0.8928828296243505,0.05007500697416706,2.3130413514050113E-5,78.39063600276708,-412.88825158375596,-0.4608298479129255,3,"[2.3130413514050113E-5,2.3130413514050113E-5,2.3130413514050113E-5]","[1.0,1.0,1.0]","[0.17761977586532252,0.17761977586532252,0.17761977586532252]","[1.2928522050896618E-7,1.393105687875289E-7,1.675068608209868E-7]","[0.11094727389245643,0.11105688263359943,0.11100848613785186]","[0.8928828296243505,0.8928828296243505,0.8928828296243505]","[78.39063600276708,78.39063600276708,78.39063600276708]","[-425.21973358870497,-412.88825158375596,-393.2885178867724]","[0.1,0.1,0.1]","[455.3573899629606,449.21011764232503,437.5660136667456]","[100,100,100]","[-0.4608298479129255,-0.4293206881104425,-0.473055937011229]","[0.25668429914015095,0.14194714169271727,0.17829330740406896]","[100,100,100]","[0.038203129953307505,0.038203129953307505,0.038203129953307505]","[10,10,10]","[-3250803465559758102,-4135197904338047051,835798964744433257]","[0.05007500697416706,0.05007500697416706,0.05007500697416706]","[10,10,10]"
2600,2600,0.24607094689660447,0.5855647518967723,0.7180011682040108,0.0025102544354672638,1.64108218662371,0.6241003505527856,5.820220593035887E-5,0.28494475353042337,-309.15558099250643,-0.4431912321713982,4,"[5.820220593035887E-5,5.820220593035887E-5,5.820220593035887E-5,5.820220593035887E-5]","[0.5855647518967723,0.5855647518967723,0.5855647518967723,0.5855647518967723]","[0.7180011682040108,0.7180011682040108,0.7180011682040108,0.7180011682040108]","[0.0,0.0,0.0,0.0]","[0.10984320909950862,0.1077768756848201,0.11002569074071239,0.11015796175035629]","[1.64108218662371,1.64108218662371,1.64108218662371,1.64108218662371]","[0.28494475353042337,0.28494475353042337,0.28494475353042337,0.28494475353042337]","[-316.0014225174647,-255.522230019675,-315.75881164015493,-302.5523503448579]","[0.24607094689660447,0.24607094689660447,0.24607094689660447,0.24607094689660447]","[406.2984534700615,328.33621186337484,416.95984607650894,378.8914068253261]","[100,100,100,100]","[-0.46565951636086617,-0.4207229479819302,-0.47315397175699153,-0.3970712517292331]","[0.4306512472312069,0.8655136927580526,0.48899042833909984,0.4272484867611092]","[100,100,100,100]","[0.0025102544354672638,0.0025102544354672638,0.0025102544354672638,0.0025102544354672638]","[10,10,10,10]","[-3493878253863981332,1500475501557823688,-266976379364329892,1700301530236074000]","[0.6241003505527856,0.6241003505527856,0.6241003505527856,0.6241003505527856]","[10,10,10,10]"
2600,2600,0.1133174570050572,0.8348005325472238,0.23638621572189764,0.03724129389586818,0.728008839544953,0.042033458648332835,0.0,81.00682169209331,-361.9813137844813,-0.4751045961515359,1,"[0.0]","[0.8348005325472238]","[0.23638621572189764]","[0.0]","[0.11098549200374443]","[0.728008839544953]","[81.00682169209331]","[-361.9813137844813]","[0.1133174570050572]","[387.7335776858145]","[100]","[-0.4751045961515359]","[0.17465961021978876]","[100]","[0.03724129389586818]","[10]","[7239125796265993322]","[0.042033458648332835]","[10]"
2600,2600,0.49375491391851556,0.7504825990793468,0.5398250838240951,1.0,0.0,0.734474127213356,6.705119361332323E-5,0.1,-65.4274765182498,-0.4462246846058822,9,"[6.705119361332323E-5,6.705119361332323E-5,6.705119361332323E-5,6.705119361332323E-5,6.705119361332323E-5,6.705119361332323E-5,6.705119361332323E-5,6.705119361332323E-5,6.705119361332323E-5]","[0.7504825990793468,0.7504825990793468,0.7504825990793468,0.7504825990793468,0.7504825990793468,0.7504825990793468,0.7504825990793468,0.7504825990793468,0.7504825990793468]","[0.5398250838240951,0.5398250838240951,0.5398250838240951,0.5398250838240951,0.5398250838240951,0.5398250838240951,0.5398250838240951,0.5398250838240951,0.5398250838240951]","[0.0,0.0,0.0,0.0,0.0,0.0,0.0,0.0,0.0]","[0.09703418588166128,0.09732126668262857,0.09313232338351832,0.09846746946736443,0.1034731639748627,0.10034080863886957,0.10111471443750081,0.10252383944940881,0.09216076644760726]","[0.0,0.0,0.0,0.0,0.0,0.0,0.0,0.0,0.0]","[0.1,0.1,0.1,0.1,0.1,0.1,0.1,0.1,0.1]","[-33.71076779776711,-48.88587259282784,-66.03688894763641,26.98538453064205,-50.48721647643565,-65.4274765182498,-77.1529755488781,-66.5286523776786,-96.14226997379875]","[0.49375491391851556,0.49375491391851556,0.49375491391851556,0.49375491391851556,0.49375491391851556,0.49375491391851556,0.49375491391851556,0.49375491391851556,0.49375491391851556]","[220.63894098164502,197.0262184646307,276.6759678407815,28.13638697911794,107.56365100751661,171.17938061559585,294.1320238429421,228.82905224697438,249.97593186429418]","[100,100,100,100,100,100,100,100,100]","[-0.45717386487927375,-0.46258444895108974,-0.46109168281139257,-0.4500389313946884,-0.43139200980006726,-0.4420332848882578,-0.4462246846058822,-0.4309123446681116,-0.41591030685530817]","[1.3841919568185346,1.7328074074063995,1.1388767615692175,5.0658106898993385,1.4145211924870116,0.8891246711575636,1.3553133583177703,1.7855042173259603,1.0894906521063443]","[100,100,100,100,100,100,100,100,100]","[1.0,1.0,1.0,1.0,1.0,1.0,1.0,1.0,1.0]","[10,10,10,10,10,10,10,10,10]","[5470826533171671954,7654370181974372439,6444315195477998875,-6243291593622642144,8723877391945218945,-5570448949928904509,-4256192340434145058,130454412595706324,7289311169790291986]","[0.734474127213356,0.734474127213356,0.734474127213356,0.734474127213356,0.734474127213356,0.734474127213356,0.734474127213356,0.734474127213356,0.734474127213356]","[10,10,10,10,10,10,10,10,10]"
2600,2600,0.7667719594694485,0.26734453012697224,0.5469008914340292,0.18205795777244468,3.666492019332871,0.5599049963684178,4.4380194342237146E-5,75.28010958922538,-299.03353561268756,-0.12884724493233937,11,"[4.4380194342237146E-5,4.4380194342237146E-5,4.4380194342237146E-5,4.4380194342237146E-5,4.4380194342237146E-5,4.4380194342237146E-5,4.4380194342237146E-5,4.4380194342237146E-5,4.4380194342237146E-5,4.4380194342237146E-5,4.4380194342237146E-5]","[0.26734453012697224,0.26734453012697224,0.26734453012697224,0.26734453012697224,0.26734453012697224,0.26734453012697224,0.26734453012697224,0.26734453012697224,0.26734453012697224,0.26734453012697224,0.26734453012697224]","[0.5469008914340292,0.5469008914340292,0.5469008914340292,0.5469008914340292,0.5469008914340292,0.5469008914340292,0.5469008914340292,0.5469008914340292,0.5469008914340292,0.5469008914340292,0.5469008914340292]","[4.152706788490423E-7,4.2629556412822057E-7,4.979573184428783E-7,4.2445808324835743E-7,4.1343319796917925E-7,4.0792075532958994E-7,5.255195316408239E-7,4.373204494073986E-7,4.483453346865767E-7,4.318080067678096E-7,4.281330450080835E-7]","[0.10741054045653661,0.10862519900453546,0.10925850843459994,0.10353350864174994,0.1103425779953172,0.10774727145239502,0.1103067690044323,0.10438782718979639,0.1084162019220649,0.10479270937144922,0.10691273930154944]","[3.666492019332871,3.666492019332871,3.666492019332871,3.666492019332871,3.666492019332871,3.666492019332871,3.666492019332871,3.666492019332871,3.666492019332871,3.666492019332871,3.666492019332871]","[75.28010958922538,75.28010958922538,75.28010958922538,75.28010958922538,75.28010958922538,75.28010958922538,75.28010958922538,75.28010958922538,75.28010958922538,75.28010958922538,75.28010958922538]","[-290.4955740653075,-301.77205575517496,-299.03353561268756,-199.59607290749577,-354.1351672939393,-252.17803212694454,-362.9973932546802,-239.87523128486868,-278.57395641015006,-325.6079003884727,-325.17143781634104]","[0.7667719594694485,0.7667719594694485,0.7667719594694485,0.7667719594694485,0.7667719594694485,0.7667719594694485,0.7667719594694485,0.7667719594694485,0.7667719594694485,0.7667719594694485,0.7667719594694485]","[417.06049948364046,395.6166377085314,403.6573885815734,362.5333274272876,471.6606104867502,391.5707039253681,450.89499109114666,363.5439296490972,402.0608952297998,464.60592672994846,448.4741239483702]","[100,100,100,100,100,100,100,100,100,100,100]","[-0.12884724493233937,-0.1269269707685764,-0.10254791730257186,-0.11362671170880506,-0.16335851123513576,-0.08611088519803266,-0.16087195246263494,-0.1187170586626777,-0.13251728569668036,-0.15123104166676019,-0.190567045306656]","[0.7320720723588137,0.6878356918023242,0.589679743985519,1.3790105857280825,0.4534306027520569,0.6573803210030037,0.47063230998187255,1.30244552569155,0.7157557535599627,1.3172320368512087,0.8791088003193094]","[100,100,100,100,100,100,100,100,100,100,100]","[0.18205795777244468,0.18205795777244468,0.18205795777244468,0.18205795777244468,0.18205795777244468,0.18205795777244468,0.18205795777244468,0.18205795777244468,0.18205795777244468,0.18205795777244468,0.18205795777244468]","[10,10,10,10,10,10,10,10,10,10,10]","[1841390928237244888,-1134064512058836460,-6586837085092760040,5038381072617585627,3452657235158970718,7848105053841171450,-6336422892542089631,-3876261407975752502,-8139316775462521383,7608570130264303217,-426315479778641391]","[0.5599049963684178,0.5599049963684178,0.5599049963684178,0.5599049963684178,0.5599049963684178,0.5599049963684178,0.5599049963684178,0.5599049963684178,0.5599049963684178,0.5599049963684178,0.5599049963684178]","[10,10,10,10,10,10,10,10,10,10,10]"
2600,2600,0.3243941983750387,0.5804025518578111,0.5910549034556719,8.702819472594829E-4,1.7557770664666,0.5478145959669612,5.8671618602702504E-5,0.1,-257.48399148568353,-0.48039406997184564,1,"[5.8671618602702504E-5]","[0.5804025518578111]","[0.5910549034556719]","[0.0]","[0.10895540699738607]","[1.7557770664666]","[0.1]","[-257.48399148568353]","[0.3243941983750387]","[344.5596847114656]","[100]","[-0.48039406997184564]","[0.6869855846291189]","[100]","[8.702819472594829E-4]","[10]","[8359313725122782652]","[0.5478145959669612]","[10]"
2600,2600,0.8057874277525534,0.8417159746869723,0.4183119734127119,0.022896269112387,0.4057543403444839,0.21976213293281394,4.5732637643238586E-5,2.9219146654095596,-289.20427384763514,-0.4499791352556173,6,"[4.5732637643238586E-5,4.5732637643238586E-5,4.5732637643238586E-5,4.5732637643238586E-5,4.5732637643238586E-5,4.5732637643238586E-5]","[0.8417159746869723,0.8417159746869723,0.8417159746869723,0.8417159746869723,0.8417159746869723,0.8417159746869723]","[0.4183119734127119,0.4183119734127119,0.4183119734127119,0.4183119734127119,0.4183119734127119,0.4183119734127119]","[4.042793012551373E-9,6.06418951882706E-9,0.0,4.042793012551373E-9,1.8192568556481175E-8,0.0]","[0.11007783977312748,0.10968742406467957,0.10943606807858865,0.10851740831137524,0.10716891303642667,0.10987372954887852]","[0.4057543403444839,0.4057543403444839,0.4057543403444839,0.4057543403444839,0.4057543403444839,0.4057543403444839]","[2.9219146654095596,2.9219146654095596,2.9219146654095596,2.9219146654095596,2.9219146654095596,2.9219146654095596]","[-291.0830986202575,-282.6440457868938,-302.86503685540237,-287.32544907501284,-304.1960927066343,-263.69804088414753]","[0.8057874277525534,0.8057874277525534,0.8057874277525534,0.8057874277525534,0.8057874277525534,0.8057874277525534]","[393.1738244917597,377.9417802642396,427.9610505007899,400.39137902697183,409.41064690224374,325.9140460641695]","[100,100,100,100,100,100]","[-0.45644222904306625,-0.4449041775734849,-0.4275634124928943,-0.46282319527423205,-0.45505409293774973,-0.41943522792831206]","[0.5560462215578009,0.5456277219462802,0.6316144657329082,0.7261900599659071,0.828571602073835,0.5479447678883941]","[100,100,100,100,100,100]","[0.022896269112387,0.022896269112387,0.022896269112387,0.022896269112387,0.022896269112387,0.022896269112387]","[10,10,10,10,10,10]","[-8895600755890181135,-5873632260340274061,-2887182886272483885,330199632788797956,-8828608937618394594,-3694408702397011662]","[0.21976213293281394,0.21976213293281394,0.21976213293281394,0.21976213293281394,0.21976213293281394,0.21976213293281394]","[10,10,10,10,10,10]"
2600,2600,0.4611324759386496,0.532467653483926,0.2423799185575193,0.05062799920933455,3.0808807992289227,0.393192699758737,5.104428791059847E-5,65.47096581868493,-564.2083089445325,-0.32202569557639116,1,"[5.104428791059847E-5]","[0.532467653483926]","[0.2423799185575193]","[3.8937292389396536E-7]","[0.11110765148599387]","[3.0808807992289227]","[65.47096581868493]","[-564.2083089445325]","[0.4611324759386496]","[572.4682218515028]","[100]","[-0.32202569557639116]","[0.03985645680777244]","[100]","[0.05062799920933455]","[10]","[8831622081606073860]","[0.393192699758737]","[10]"
2600,2600,0.1,0.6665909522662102,0.7344302235314343,0.0037341355381702484,1.292542777062398,0.6891664079947862,6.0433365727218505E-5,0.1,-273.7432658278726,-0.4767409003732359,1,"[6.0433365727218505E-5]","[0.6665909522662102]","[0.7344302235314343]","[0.0]","[0.10920245298085479]","[1.292542777062398]","[0.1]","[-273.7432658278726]","[0.1]","[369.3168570304839]","[100]","[-0.4767409003732359]","[0.6625148600711287]","[100]","[0.0037341355381702484]","[10]","[8784909340904662903]","[0.6891664079947862]","[10]"
2600,2600,0.8380868142098518,0.629319501257234,0.049614634750758335,0.005285074428102124,0.6148766366143184,0.5261134362508703,4.817191119758139E-5,23.566238849526954,-156.39722518554103,-0.45058521855885814,4,"[4.817191119758139E-5,4.817191119758139E-5,4.817191119758139E-5,4.817191119758139E-5]","[0.629319501257234,0.629319501257234,0.629319501257234,0.629319501257234]","[0.049614634750758335,0.049614634750758335,0.049614634750758335,0.049614634750758335]","[1.7832513872053906E-7,7.393969166461371E-8,2.0224680367085536E-7,9.568665980126481E-8]","[0.10048949797791827,0.09691402050391214,0.10992139576953511,0.10152964505843573]","[0.6148766366143184,0.6148766366143184,0.6148766366143184,0.6148766366143184]","[23.566238849526954,23.566238849526954,23.566238849526954,23.566238849526954]","[-179.73645275326533,-80.87692344370765,-248.50577185205248,-133.05799761781674]","[0.8380868142098518,0.8380868142098518,0.8380868142098518,0.8380868142098518]","[335.71879130723835,233.37132467892602,321.1593617737874,314.65691777373354]","[100,100,100,100]","[-0.46355895484396975,-0.4110615843361538,-0.43761148227374647,-0.4773726779454547]","[1.051971807549047,1.1970012365714968,0.552563289823309,1.2807720059144554]","[100,100,100,100]","[0.005285074428102124,0.005285074428102124,0.005285074428102124,0.005285074428102124]","[10,10,10,10]","[-8035330414572363482,-2014037794563900280,7178717525188459017,4454709782832098613]","[0.5261134362508703,0.5261134362508703,0.5261134362508703,0.5261134362508703]","[10,10,10,10]"
2600,2600,0.1,0.4822715257209974,0.8520832638562021,0.0,2.413659077711325,0.5434129456767554,5.3900064126289215E-5,0.6673773051867522,-106.70616011387145,-0.45837591646528686,4,"[5.3900064126289215E-5,5.3900064126289215E-5,5.3900064126289215E-5,5.3900064126289215E-5]","[0.4822715257209974,0.4822715257209974,0.4822715257209974,0.4822715257209974]","[0.8520832638562021,0.8520832638562021,0.8520832638562021,0.8520832638562021]","[0.0,0.0,2.088614224700583E-10,0.0]","[0.10069442789301769,0.10769606666735637,0.09444409525790162,0.1020174636433429]","[2.413659077711325,2.413659077711325,2.413659077711325,2.413659077711325]","[0.6673773051867522,0.6673773051867522,0.6673773051867522,0.6673773051867522]","[-114.15231458627285,-159.2788184773505,-99.26000564147006,-89.56641486825532]","[0.1,0.1,0.1,0.1]","[222.86662240397123,233.7841960320059,281.6252023371462,187.3314116135072]","[100,100,100,100]","[-0.46862628865083616,-0.39970523069044706,-0.4513746841716642,-0.46537714875890945]","[1.2424081206399467,0.7209882204949574,0.9982819667033169,1.3293132544840691]","[100,100,100,100]","[0.0,0.0,0.0,0.0]","[10,10,10,10]","[6231556852570730402,-327886248359384349,-6106807158228700020,-2415210556406909933]","[0.5434129456767554,0.5434129456767554,0.5434129456767554,0.5434129456767554]","[10,10,10,10]"
2600,2600,0.1590954690610818,0.5063501200198064,0.7942196803397267,0.0,2.4548151651309813,0.5557702998715736,5.7833618792044345E-5,0.1,-101.75658639575633,-0.4641975593556807,7,"[5.7833618792044345E-5,5.7833618792044345E-5,5.7833618792044345E-5,5.7833618792044345E-5,5.7833618792044345E-5,5.7833618792044345E-5,5.7833618792044345E-5]","[0.5063501200198064,0.5063501200198064,0.5063501200198064,0.5063501200198064,0.5063501200198064,0.5063501200198064,0.5063501200198064]","[0.7942196803397267,0.7942196803397267,0.7942196803397267,0.7942196803397267,0.7942196803397267,0.7942196803397267,0.7942196803397267]","[0.0,0.0,0.0,0.0,0.0,0.0,0.0]","[0.10425643560647097,0.10105102247616454,0.10346851632334499,0.10594559746766895,0.10278228696925885,0.10209603757962657,0.10187277522437513]","[2.4548151651309813,2.4548151651309813,2.4548151651309813,2.4548151651309813,2.4548151651309813,2.4548151651309813,2.4548151651309813]","[0.1,0.1,0.1,0.1,0.1,0.1,0.1]","[-120.63689372827857,-70.97568451956188,-107.18626047369895,-134.38220326707332,-101.75658639575633,-98.44497061991088,-86.38490215500329]","[0.1590954690610818,0.1590954690610818,0.1590954690610818,0.1590954690610818,0.1590954690610818,0.1590954690610818,0.1590954690610818]","[256.0120556448024,161.72870888387178,212.87639693386393,268.73768313228686,198.2527664771007,213.59950459992675,144.4596588490086]","[100,100,100,100,100,100,100]","[-0.47575843847573723,-0.4733976275087679,-0.42094802444789214,-0.4869287015005001,-0.43474590113628125,-0.4641975593556807,-0.4434678947919484]","[0.7967359347337503,1.533763734950043,0.8549545024811331,0.7513508109994409,0.8081351181768099,1.3149828574001867,1.2662162397560766]","[100,100,100,100,100,100,100]","[0.0,0.0,0.0,0.0,0.0,0.0,0.0]","[10,10,10,10,10,10,10]","[-4443273301522989359,-5543489130923219848,5590258278601275160,9056132459983322202,-2050876282663160488,-1711347351067286596,7321096065222819536]","[0.5557702998715736,0.5557702998715736,0.5557702998715736,0.5557702998715736,0.5557702998715736,0.5557702998715736,0.5557702998715736]","[10,10,10,10,10,10,10]"
2600,2600,0.5233167460110753,0.5308951797194189,0.3553802730345945,0.048269996443195365,3.1417920454649355,0.3759661537653752,5.092637868595903E-5,66.22697238454921,-520.8163483155242,-0.27881258771607476,6,"[5.092637868595903E-5,5.092637868595903E-5,5.092637868595903E-5,5.092637868595903E-5,5.092637868595903E-5,5.092637868595903E-5]","[0.5308951797194189,0.5308951797194189,0.5308951797194189,0.5308951797194189,0.5308951797194189,0.5308951797194189]","[0.3553802730345945,0.3553802730345945,0.3553802730345945,0.3553802730345945,0.3553802730345945,0.3553802730345945]","[5.342045423419734E-7,4.1049401674698986E-7,5.004653080887962E-7,3.8612679200858403E-7,3.870639929600611E-7,4.104940167469899E-7]","[0.11111058813469284,0.11110972135025252,0.11110915376412306,0.11111001249784438,0.1111109156126385,0.11110670660468833]","[3.1417920454649355,3.1417920454649355,3.1417920454649355,3.1417920454649355,3.1417920454649355,3.1417920454649355]","[66.22697238454921,66.22697238454921,66.22697238454921,66.22697238454921,66.22697238454921,66.22697238454921]","[-520.9736061495531,-478.01087346431996,-521.766613740045,-520.6590904814952,-522.5541326838215,-488.1603826070562]","[0.5233167460110753,0.5233167460110753,0.5233167460110753,0.5233167460110753,0.5233167460110753,0.5233167460110753]","[522.9086831456863,484.2235380381452,524.8406557945543,525.3674909562922,525.0039698742183,493.4757418696598]","[100,100,100,100,100,100]","[-0.25022104241093807,-0.2776783540904281,-0.2799468213417214,-0.15522503632991283,-0.3355230475789656,-0.3248869478921448]","[0.013586987414707614,0.02183758887540001,0.02890321588418872,0.01676414536444957,0.008344499728240189,0.040265182791159995]","[100,100,100,100,100,100]","[0.048269996443195365,0.048269996443195365,0.048269996443195365,0.048269996443195365,0.048269996443195365,0.048269996443195365]","[10,10,10,10,10,10]","[5829154092281836867,-303436605869151236,-1244695733163704693,-8305011031459680166,4249316965125012890,725900525088744108]","[0.3759661537653752,0.3759661537653752,0.3759661537653752,0.3759661537653752,0.3759661537653752,0.3759661537653752]","[10,10,10,10,10,10]"
2600,2600,0.8122199583705505,0.6282626774235518,0.3657582658401946,0.036957843214662216,2.4240668937016565,0.5225764478596147,5.0263125359271943E-5,65.73671865442242,-526.2588929227966,-0.3276205221239275,3,"[5.0263125359271943E-5,5.0263125359271943E-5,5.0263125359271943E-5]","[0.6282626774235518,0.6282626774235518,0.6282626774235518]","[0.3657582658401946,0.3657582658401946,0.3657582658401946]","[4.848735564690079E-7,5.055064737655614E-7,3.7551909479727417E-7]","[0.11109122029502011,0.11101886321333412,0.11105487759421565]","[2.4240668937016565,2.4240668937016565,2.4240668937016565]","[65.73671865442242,65.73671865442242,65.73671865442242]","[-547.3646372419704,-475.92955277212474,-526.2588929227966]","[0.8122199583705505,0.8122199583705505,0.8122199583705505]","[553.4026494644658,494.8583913342958,551.0190380565734]","[100,100,100]","[-0.1983194734619674,-0.4150001329897897,-0.3276205221239275]","[0.08842097658606242,0.15964439103132375,0.13172227489161148]","[100,100,100]","[0.036957843214662216,0.036957843214662216,0.036957843214662216]","[10,10,10]","[118435800430749562,-5351825122354777958,-6585265886591275079]","[0.5225764478596147,0.5225764478596147,0.5225764478596147]","[10,10,10]"
2600,2600,0.16597738348390162,0.9252392157885689,0.24055405476815941,0.005284047375333455,0.9607585156057498,0.05870255934490823,1.961558055533901E-5,74.54113863851443,-451.8919943590556,-0.4663863457897577,1,"[1.961558055533901E-5]","[0.9252392157885689]","[0.24055405476815941]","[1.3738363671391117E-7]","[0.11109463611941295]","[0.9607585156057498]","[74.54113863851443]","[-451.8919943590556]","[0.16597738348390162]","[469.1252443281427]","[100]","[-0.4663863457897577]","[0.08027741355553272]","[100]","[0.005284047375333455]","[10]","[-153974837698615108]","[0.05870255934490823]","[10]"
2600,2600,0.5832277394910221,0.5220383241725611,0.516107654545641,0.006078356268506358,3.1415506768326313,0.439890868442516,2.068264572956266E-5,61.51946263932098,-491.0145188646015,-0.23094712377764923,9,"[2.068264572956266E-5,2.068264572956266E-5,2.068264572956266E-5,2.068264572956266E-5,2.068264572956266E-5,2.068264572956266E-5,2.068264572956266E-5,2.068264572956266E-5,2.068264572956266E-5]","[0.5220383241725611,0.5220383241725611,0.5220383241725611,0.5220383241725611,0.5220383241725611,0.5220383241725611,0.5220383241725611,0.5220383241725611,0.5220383241725611]","[0.516107654545641,0.516107654545641,0.516107654545641,0.516107654545641,0.516107654545641,0.516107654545641,0.516107654545641,0.516107654545641,0.516107654545641]","[1.9013308174923934E-7,1.879093030153301E-7,1.9569252858401242E-7,1.9235686048314857E-7,1.756785199788294E-7,1.6344773694232857E-7,1.4565750707105474E-7,1.7234285187796554E-7,1.6122395820841933E-7]","[0.11106386662434062,0.11110787300890528,0.1111063565113545,0.11107281632802687,0.11111008775359078,0.11110339265137986,0.11111059227228746,0.11111074223146652,0.11108217156641416]","[3.1415506768326313,3.1415506768326313,3.1415506768326313,3.1415506768326313,3.1415506768326313,3.1415506768326313,3.1415506768326313,3.1415506768326313,3.1415506768326313]","[61.51946263932098,61.51946263932098,61.51946263932098,61.51946263932098,61.51946263932098,61.51946263932098,61.51946263932098,61.51946263932098,61.51946263932098]","[-483.65121843644306,-511.1522891552981,-504.1777923982531,-518.257305801658,-462.37971287473596,-426.12311289923576,-507.50471731740447,-491.0145188646015,-489.00316778134743]","[0.5832277394910221,0.5832277394910221,0.5832277394910221,0.5832277394910221,0.5832277394910221,0.5832277394910221,0.5832277394910221,0.5832277394910221,0.5832277394910221]","[494.88732666119205,519.5087294794653,514.9898534342817,532.5712009601332,465.65340842859496,433.7963468536221,511.19814716500326,492.87088023854807,502.6815578672771]","[100,100,100,100,100,100,100,100,100]","[-0.35938601932755515,-0.23094712377764923,-0.30574015396547327,-0.391198088129206,-0.03671254452631618,-0.1584471952014385,-0.06789816853134796,-0.22292815292021126,-0.2624693797804219]","[0.13644618146128218,0.03684733512928435,0.05045848453133067,0.10009631756172625,0.022727176995852215,0.05914333948222282,0.012944338998049872,0.01131304754170238,0.11366248269098143]","[100,100,100,100,100,100,100,100,100]","[0.006078356268506358,0.006078356268506358,0.006078356268506358,0.006078356268506358,0.006078356268506358,0.006078356268506358,0.006078356268506358,0.006078356268506358,0.006078356268506358]","[10,10,10,10,10,10,10,10,10]","[-8722790794530344370,6011248726450382766,-3882023269151461850,-3683645505831979838,37458418029702372,2684701484998049352,4906726230262623793,3886087506488699747,-4817932981300026190]","[0.439890868442516,0.439890868442516,0.439890868442516,0.439890868442516,0.439890868442516,0.439890868442516,0.439890868442516,0.439890868442516,0.439890868442516]","[10,10,10,10,10,10,10,10,10]"
2600,2600,0.1,1.0,0.2257507838533225,0.03673559077978611,0.9497319619768527,0.08186889788624914,2.0497376418359858E-5,76.62191815588055,-468.9910646262836,-0.404598413230059,7,"[2.0497376418359858E-5,2.0497376418359858E-5,2.0497376418359858E-5,2.0497376418359858E-5,2.0497376418359858E-5,2.0497376418359858E-5,2.0497376418359858E-5]","[1.0,1.0,1.0,1.0,1.0,1.0,1.0]","[0.2257507838533225,0.2257507838533225,0.2257507838533225,0.2257507838533225,0.2257507838533225,0.2257507838533225,0.2257507838533225]","[1.3012066619884637E-7,1.1424719809112189E-7,1.2176620930004403E-7,1.1946873365287334E-7,1.1570922804841238E-7,1.1466492093606205E-7,1.1779784227311294E-7]","[0.11107916158049745,0.11108872056053397,0.11109734143829743,0.11109670470515416,0.11105651187692814,0.11107635363357286,0.11108333873730394]","[0.9497319619768527,0.9497319619768527,0.9497319619768527,0.9497319619768527,0.9497319619768527,0.9497319619768527,0.9497319619768527]","[76.62191815588055,76.62191815588055,76.62191815588055,76.62191815588055,76.62191815588055,76.62191815588055,76.62191815588055]","[-475.4331962163624,-468.9910646262836,-421.7300777457757,-493.80274421785606,-436.5524900408013,-471.93810283471316,-435.2276018559403]","[0.1,0.1,0.1,0.1,0.1,0.1,0.1]","[502.42530528943763,486.35456317702284,439.85393739235036,505.3970467504536,458.6880191869203,496.9604492731712,458.6712233111889]","[100,100,100,100,100,100,100]","[-0.33724682718868726,-0.4006044847532528,-0.4301297852463917,-0.404598413230059,-0.3751637064967473,-0.4206219665110391,-0.4088017891584142]","[0.10525932867198926,0.0897484798775968,0.07159480159551838,0.0772116853379781,0.12271505808482469,0.10491460562386386,0.0973962013731604]","[100,100,100,100,100,100,100]","[0.03673559077978611,0.03673559077978611,0.03673559077978611,0.03673559077978611,0.03673559077978611,0.03673559077978611,0.03673559077978611]","[10,10,10,10,10,10,10]","[7715266945888922352,1905253178154171207,-894600462996004699,1578576834121933422,-3554540561073594181,2148561780641807173,-2893523696579101743]","[0.08186889788624914,0.08186889788624914,0.08186889788624914,0.08186889788624914,0.08186889788624914,0.08186889788624914,0.08186889788624914]","[10,10,10,10,10,10,10]"
2600,2600,0.2374879444588314,0.5538934154243198,0.6445722480682802,0.0,1.8521936502657912,0.519587607719105,5.8461835876291484E-5,0.1,-148.9299016126764,-0.46636926584369937,3,"[5.8461835876291484E-5,5.8461835876291484E-5,5.8461835876291484E-5]","[0.5538934154243198,0.5538934154243198,0.5538934154243198]","[0.6445722480682802,0.6445722480682802,0.6445722480682802]","[0.0,0.0,0.0]","[0.10554177343014706,0.10482494624952421,0.10984307552438605]","[1.8521936502657912,1.8521936502657912,1.8521936502657912]","[0.1,0.1,0.1]","[-161.42434165664977,-120.72640583925416,-148.9299016126764]","[0.2374879444588314,0.2374879444588314,0.2374879444588314]","[254.2523474295172,200.01241248904554,220.82547290442594]","[100,100,100]","[-0.4716843892617936,-0.46636926584369937,-0.44657774082838686]","[0.8282037116728332,0.9286760361194721,0.5361714801146061]","[100,100,100]","[0.0,0.0,0.0]","[10,10,10]","[4837166410351160802,-4185535298268978142,-2473924662812627010]","[0.519587607719105,0.519587607719105,0.519587607719105]","[10,10,10]"
2600,2600,0.1,0.9038421396321301,0.2267112668497237,0.03791516388394655,1.5959292232511078,0.07267304230200894,2.1574021476969814E-5,77.04298370366737,-464.93584533440026,-0.4458175291389195,2,"[2.1574021476969814E-5,2.1574021476969814E-5]","[0.9038421396321301,0.9038421396321301]","[0.2267112668497237,0.2267112668497237]","[1.1842442654052305E-7,1.3429789464824754E-7]","[0.11106206145912471,0.1110849787773551]","[1.5959292232511078,1.5959292232511078]","[77.04298370366737,77.04298370366737]","[-463.0703626002293,-466.8013280685712]","[0.1,0.1]","[492.26933519526455,491.22154179249213]","[100,100]","[-0.4614692798360013,-0.43016577844183773]","[0.15173495009299412,0.0996791265446749]","[100,100]","[0.03791516388394655,0.03791516388394655]","[10,10]","[-4105255288755179728,-8256795556288747869]","[0.07267304230200894,0.07267304230200894]","[10,10]"
2600,2600,0.1336804223591081,0.9670087212615619,0.22725036710672503,0.03763129065452462,1.3608308206841064,0.06718051075796583,1.9930904881507138E-5,74.03477139184197,-444.2394414070134,-0.4511410726112084,3,"[1.9930904881507138E-5,1.9930904881507138E-5,1.9930904881507138E-5]","[0.9670087212615619,0.9670087212615619,0.9670087212615619]","[0.22725036710672503,0.22725036710672503,0.22725036710672503]","[1.2234956604677437E-7,1.2901452295204614E-7,1.3068076217836403E-7]","[0.11107428970808447,0.11106435699368174,0.11095416401230537]","[1.3608308206841064,1.3608308206841064,1.3608308206841064]","[74.03477139184197,74.03477139184197,74.03477139184197]","[-523.0619335736438,-444.2394414070134,-440.4428156909553]","[0.1336804223591081,0.1336804223591081,0.1336804223591081]","[539.9442419806568,477.22369111722577,471.9384406554275]","[100,100,100]","[-0.4511410726112084,-0.46447116745883354,-0.4193676206947691]","[0.12348772573862982,0.1307932369317005,0.2382592638580874]","[100,100,100]","[0.03763129065452462,0.03763129065452462,0.03763129065452462]","[10,10,10]","[6996588115402695276,-1850779841651334991,5261797769494543697]","[0.06718051075796583,0.06718051075796583,0.06718051075796583]","[10,10,10]"
2600,2600,0.5622109763035297,0.6648568399052069,0.20549896596917736,0.04986566137481039,2.820184077878744,0.4349434374442267,4.914260740797619E-5,60.43598691451666,-496.81691935151866,-0.3094471215926844,5,"[4.914260740797619E-5,4.914260740797619E-5,4.914260740797619E-5,4.914260740797619E-5,4.914260740797619E-5]","[0.6648568399052069,0.6648568399052069,0.6648568399052069,0.6648568399052069,0.6648568399052069]","[0.20549896596917736,0.20549896596917736,0.20549896596917736,0.20549896596917736,0.20549896596917736]","[3.6646908696457395E-7,3.5277914980785137E-7,4.233349797694215E-7,4.0964504261269914E-7,4.296534123032935E-7]","[0.11106818498888785,0.11105558828810103,0.11109013341479693,0.11103924392641515,0.111106948040988]","[2.820184077878744,2.820184077878744,2.820184077878744,2.820184077878744,2.820184077878744]","[60.43598691451666,60.43598691451666,60.43598691451666,60.43598691451666,60.43598691451666]","[-478.1146590121095,-457.07311594120233,-496.81691935151866,-510.4930056075991,-545.9406677495896]","[0.5622109763035297,0.5622109763035297,0.5622109763035297,0.5622109763035297,0.5622109763035297]","[493.38221030975615,485.269239311705,512.7812107541342,528.9636374401541,553.9142650175634]","[100,100,100,100,100]","[-0.38215187361025615,-0.3094471215926844,-0.3240993887060779,-0.14704826471707974,-0.2693193633952136]","[0.12617707234645542,0.1491933784656892,0.06989599525690002,0.14649903633760336,0.03953889157921922]","[100,100,100,100,100]","[0.04986566137481039,0.04986566137481039,0.04986566137481039,0.04986566137481039,0.04986566137481039]","[10,10,10,10,10]","[4543359387557700265,6457952412421367928,-5368991625643644758,-7722778234423070139,9083184665891940084]","[0.4349434374442267,0.4349434374442267,0.4349434374442267,0.4349434374442267,0.4349434374442267]","[10,10,10,10,10]"
2600,2600,0.5881272354902835,0.8407045423022055,0.3971057439196471,0.028728646863901076,2.7160118274624874,0.43009610390480724,4.7714316369520246E-5,65.45058561673959,-482.89006964424,-0.4488925848309316,1,"[4.7714316369520246E-5]","[0.8407045423022055]","[0.3971057439196471]","[3.724087966757029E-7]","[0.11110205568369812]","[2.7160118274624874]","[65.45058561673959]","[-482.89006964424]","[0.5881272354902835]","[488.94558156298035]","[100]","[-0.4488925848309316]","[0.06253313183918911]","[100]","[0.028728646863901076]","[10]","[2785555558574866119]","[0.43009610390480724]","[10]"
2600,2600,0.3413121142076775,0.6246048388361383,0.22827920812836724,0.04833844224789668,2.813161571266307,0.4419895646575154,3.9837899531774587E-5,87.49308914970277,-480.8309135545604,-0.357938843662993,3,"[3.9837899531774587E-5,3.9837899531774587E-5,3.9837899531774587E-5]","[0.6246048388361383,0.6246048388361383,0.6246048388361383]","[0.22827920812836724,0.22827920812836724,0.22827920812836724]","[3.461961349833869E-7,4.215691673746646E-7,3.2384413227424907E-7]","[0.11111105410420205,0.11111071187611288,0.11110871059232366]","[2.813161571266307,2.813161571266307,2.813161571266307]","[87.49308914970277,87.49308914970277,87.49308914970277]","[-541.9852668872504,-480.8309135545604,-436.87270547936765]","[0.3413121142076775,0.3413121142076775,0.3413121142076775]","[543.2934705692622,482.5798239320748,438.98752192888094]","[100,100,100]","[-0.31580878423478403,-0.357938843662993,-0.371029899631798]","[0.004958704272806209,0.01178924114009853,0.031839256680586576]","[100,100,100]","[0.04833844224789668,0.04833844224789668,0.04833844224789668]","[10,10,10]","[-2498009954535724307,-2835601411390362370,2658455797597774451]","[0.4419895646575154,0.4419895646575154,0.4419895646575154]","[10,10,10]"
2600,2600,0.23170559313449188,0.5903962483292711,0.6856493533900889,0.0,1.835560631585833,0.5330369468175326,5.925821015542373E-5,0.1,-133.61561315450433,-0.4739239467155452,3,"[5.925821015542373E-5,5.925821015542373E-5,5.925821015542373E-5]","[0.5903962483292711,0.5903962483292711,0.5903962483292711]","[0.6856493533900889,0.6856493533900889,0.6856493533900889]","[0.0,0.0,0.0]","[0.09865730100975371,0.10954795219520305,0.10251058966238523]","[1.835560631585833,1.835560631585833,1.835560631585833]","[0.1,0.1,0.1]","[-119.95494119370333,-197.50421883746446,-133.61561315450433]","[0.23170559313449188,0.23170559313449188,0.23170559313449188]","[289.7255323375333,319.5781707670304,232.58315034989508]","[100,100,100]","[-0.48858559639716415,-0.4593237389780099,-0.4739239467155452]","[0.9778354197928667,0.5786724148856256,1.0571787964232888]","[100,100,100]","[0.0,0.0,0.0]","[10,10,10]","[3628927114364763973,-8709563220072613921,-543493964581325802]","[0.5330369468175326,0.5330369468175326,0.5330369468175326]","[10,10,10]"
2600,2600,0.6723504624551065,0.6231293532457994,0.08990171106286723,0.01051974272083535,1.8697657470224125,0.3787312374789247,4.979507110736678E-5,75.2008812880826,-443.3942283472723,-0.4727746665720357,1,"[4.979507110736678E-5]","[0.6231293532457994]","[0.08990171106286723]","[4.46377219653646E-7]","[0.11082258675687941]","[1.8697657470224125]","[75.2008812880826]","[-443.3942283472723]","[0.6723504624551065]","[498.12353020564484]","[100]","[-0.4727746665720357]","[0.2516518336397843]","[100]","[0.01051974272083535]","[10]","[1554645036172157432]","[0.3787312374789247]","[10]"
2600,2600,0.5635600127769312,0.49610652727210974,0.3634826821555241,0.04592507974176908,2.99357344895639,0.4248899457523834,4.784373969185217E-5,70.07321006537143,-529.5352853104746,-0.14259397930262527,2,"[4.784373969185217E-5,4.784373969185217E-5]","[0.49610652727210974,0.49610652727210974]","[0.3634826821555241,0.3634826821555241]","[3.357313995278149E-7,4.3422673125048627E-7]","[0.11109416279861255,0.11111096310943883]","[2.99357344895639,2.99357344895639]","[70.07321006537143,70.07321006537143]","[-534.4483810852915,-524.6221895356575]","[0.5635600127769312,0.5635600127769312]","[543.6608702671566,526.1443981373568]","[100,100]","[-0.2848071211011482,-3.808375041023485E-4]","[0.08470588210444462,0.007354342160493983]","[100,100]","[0.04592507974176908,0.04592507974176908]","[10,10]","[-540990723198147150,5464017842248630160]","[0.4248899457523834,0.4248899457523834]","[10,10]"
2600,2600,0.37900349296462366,0.6143914853832497,0.2376010342133245,0.05183503301821643,2.4938391686887997,0.3241897300096228,3.075497154815684E-5,100.0,-541.6034258803365,-0.3489808025488936,1,"[3.075497154815684E-5]","[0.6143914853832497]","[0.2376010342133245]","[2.92274456724263E-7]","[0.1111068375143665]","[2.4938391686887997]","[100.0]","[-541.6034258803365]","[0.37900349296462366]","[548.7762750126498]","[100]","[-0.3489808025488936]","[0.03543791057198856]","[100]","[0.05183503301821643]","[10]","[-6527491403744301185]","[0.3241897300096228]","[10]"
2600,2600,0.1547771072941006,0.933370416579679,0.2164918966259759,0.02638272614334372,1.540778115675553,0.15356099741393908,2.3263634658179357E-5,76.54909709929215,-522.3363725413524,-0.43295125457224376,1,"[2.3263634658179357E-5]","[0.933370416579679]","[0.2164918966259759]","[1.4488200530628937E-7]","[0.11109587208179932]","[1.540778115675553]","[76.54909709929215]","[-522.3363725413524]","[0.1547771072941006]","[533.1248053755718]","[100]","[-0.43295125457224376]","[0.07028521990962555]","[100]","[0.02638272614334372]","[10]","[-40888728483285489]","[0.15356099741393908]","[10]"
2600,2600,0.1,0.8693039535709997,0.13442350001129053,0.01014469208331735,1.3788014826336015,0.20114190987320155,1.751118628801883E-5,70.45721450705025,-484.3995056322441,-0.32944889944349603,4,"[1.751118628801883E-5,1.751118628801883E-5,1.751118628801883E-5,1.751118628801883E-5]","[0.8693039535709997,0.8693039535709997,0.8693039535709997,0.8693039535709997]","[0.13442350001129053,0.13442350001129053,0.13442350001129053,0.13442350001129053]","[8.563318321272393E-8,9.001927308459513E-8,9.753828429351723E-8,9.419650153399633E-8]","[0.11108142292725412,0.11106571360674806,0.11108831054696425,0.1111028998399306]","[1.3788014826336015,1.3788014826336015,1.3788014826336015,1.3788014826336015]","[70.45721450705025,70.45721450705025,70.45721450705025,70.45721450705025]","[-493.8206699743709,-474.97834129011727,-436.51598161325717,-499.9731726256016]","[0.1,0.1,0.1,0.1]","[510.72655149815535,495.80330921912775,451.451521691905,518.7964037111356]","[100,100,100,100]","[-0.41972801562932804,-0.4078425829158001,-0.16067580360060033,-0.25105521597119196]","[0.09476781065148741,0.13949632062011436,0.10243276130452374,0.05917893906330666]","[100,100,100,100]","[0.01014469208331735,0.01014469208331735,0.01014469208331735,0.01014469208331735]","[10,10,10,10]","[-8918720246765016285,-5387625412914895833,-1250404356161329930,-1414025883047255638]","[0.20114190987320155,0.20114190987320155,0.20114190987320155,0.20114190987320155]","[10,10,10,10]"
2600,2600,0.8034557946675369,0.6369428707772032,0.3439851577796535,0.03933696359719598,2.418394280647565,0.5016800731305103,5.054548787295612E-5,66.17908836346304,-527.3975919058183,-0.29150794223781495,3,"[5.054548787295612E-5,5.054548787295612E-5,5.054548787295612E-5]","[0.6369428707772032,0.6369428707772032,0.6369428707772032]","[0.3439851577796535,0.3439851577796535,0.3439851577796535]","[4.952421440375434E-7,6.448254855019444E-7,4.689639894559595E-7]","[0.11107741657580139,0.11110335113514538,0.1109227725315569]","[2.418394280647565,2.418394280647565,2.418394280647565]","[66.17908836346304,66.17908836346304,66.17908836346304]","[-527.3975919058183,-478.3075741418118,-532.4793551586679]","[0.8034557946675369,0.8034557946675369,0.8034557946675369]","[540.7132563710313,485.59726263744915,558.2423860314029]","[100,100,100]","[-0.24838812816950379,-0.29150794223781495,-0.30356223234336793]","[0.11735488791199163,0.05369055673163101,0.26242463747020783]","[100,100,100]","[0.03933696359719598,0.03933696359719598,0.03933696359719598]","[10,10,10]","[8743748822672424901,7512695198655822149,-2982461365029035848]","[0.5016800731305103,0.5016800731305103,0.5016800731305103]","[10,10,10]"
2600,2600,0.1,0.7837205136701648,0.19364454163509398,0.03205236021193156,1.6264849075957535,0.09129010726204939,2.705747685912165E-5,75.41449600676314,-506.7981392090412,-0.4484100068363465,1,"[2.705747685912165E-5]","[0.7837205136701648]","[0.19364454163509398]","[1.5810809680983418E-7]","[0.11109276710408889]","[1.6264849075957535]","[75.41449600676314]","[-506.7981392090412]","[0.1]","[523.3244960994786]","[100]","[-0.4484100068363465]","[0.08922738250530253]","[100]","[0.03205236021193156]","[10]","[8275320105797302984]","[0.09129010726204939]","[10]"
2600,2600,0.5308977310681308,0.5055333074712541,0.4475358057302943,0.01937065050052835,3.2943979290109904,0.44124556397519177,5.005853583787341E-5,71.8473295715443,-508.6871882136682,-0.010326952282160181,8,"[5.005853583787341E-5,5.005853583787341E-5,5.005853583787341E-5,5.005853583787341E-5,5.005853583787341E-5,5.005853583787341E-5,5.005853583787341E-5,5.005853583787341E-5]","[0.5055333074712541,0.5055333074712541,0.5055333074712541,0.5055333074712541,0.5055333074712541,0.5055333074712541,0.5055333074712541,0.5055333074712541]","[0.4475358057302943,0.4475358057302943,0.4475358057302943,0.4475358057302943,0.4475358057302943,0.4475358057302943,0.4475358057302943,0.4475358057302943]","[4.0533628248764096E-7,4.844960741264038E-7,3.767243096061603E-7,4.1582733921085045E-7,4.6256022825060186E-7,4.0342881762887543E-7,4.396706499454176E-7,4.062900149170235E-7]","[0.11111109978475849,0.11111111107811875,0.11111109666535153,0.1111111107068088,0.11111088740053532,0.11111111064429155,0.11111111084708365,0.1111110481897717]","[3.2943979290109904,3.2943979290109904,3.2943979290109904,3.2943979290109904,3.2943979290109904,3.2943979290109904,3.2943979290109904,3.2943979290109904]","[71.8473295715443,71.8473295715443,71.8473295715443,71.8473295715443,71.8473295715443,71.8473295715443,71.8473295715443,71.8473295715443]","[-529.2260096438379,-516.0907077468797,-530.1576041351447,-501.2836686804567,-543.1413647388881,-468.34717869509353,-482.30764233565515,-493.1323581322708]","[0.5308977310681308,0.5308977310681308,0.5308977310681308,0.5308977310681308,0.5308977310681308,0.5308977310681308,0.5308977310681308,0.5308977310681308]","[529.5467123902847,516.1155790585399,530.3316432551063,501.43235876641495,544.0145545298828,468.4414248011892,482.34743050120875,493.59356269645144]","[100,100,100,100,100,100,100,100]","[-4.626756376761665E-5,-0.004279527253640171,-0.013752338369315902,-0.006901566195004462,-0.028423693714137457,-0.06279005006221876,-5.257639942773608E-6,-0.06297275009903276]","[0.0019937125193887685,9.065331303221544E-5,0.002429088139081797,4.4229635447337465E-4,0.009932853328614209,3.340040428562687E-4,2.803302884772374E-4,0.00480577400237347]","[100,100,100,100,100,100,100,100]","[0.01937065050052835,0.01937065050052835,0.01937065050052835,0.01937065050052835,0.01937065050052835,0.01937065050052835,0.01937065050052835,0.01937065050052835]","[10,10,10,10,10,10,10,10]","[5807736062318486956,7918010861201372611,7893873686812146840,-8800242094869270859,5511086626485150190,428534634809899678,4075049654033326828,7849030507997247490]","[0.44124556397519177,0.44124556397519177,0.44124556397519177,0.44124556397519177,0.44124556397519177,0.44124556397519177,0.44124556397519177,0.44124556397519177]","[10,10,10,10,10,10,10,10]"
2600,2600,0.6600518886176063,0.7704875575867294,0.360767190326204,0.06347877456043698,2.931000643006556,0.5022832204176586,5.455495111368519E-5,64.05210556133669,-500.6371339997674,-0.3537506409294133,3,"[5.455495111368519E-5,5.455495111368519E-5,5.455495111368519E-5]","[0.7704875575867294,0.7704875575867294,0.7704875575867294]","[0.360767190326204,0.360767190326204,0.360767190326204]","[4.5475154348114103E-7,4.89625128103928E-7,3.9895380808468186E-7]","[0.11110351990629334,0.11111044030505728,0.1110975296357299]","[2.931000643006556,2.931000643006556,2.931000643006556]","[64.05210556133669,64.05210556133669,64.05210556133669]","[-500.6371339997674,-506.2106787027274,-472.25926214963886]","[0.6600518886176063,0.6600518886176063,0.6600518886176063]","[507.2156876286697,509.3186479844129,484.5533186408395]","[100,100,100]","[-0.3537506409294133,-0.38762471452039793,-0.1531745376253075]","[0.055448991592528196,0.014911544007703408,0.06312664345111824]","[100,100,100]","[0.06347877456043698,0.06347877456043698,0.06347877456043698]","[10,10,10]","[3715795331124077408,2309640316715969637,-4281367301039283608]","[0.5022832204176586,0.5022832204176586,0.5022832204176586]","[10,10,10]"
2600,2600,0.35750696633875856,0.6236387530265967,0.23149786267552563,0.04756122469302656,2.6645512721837337,0.43407759287447173,4.0113767073082746E-5,88.22349511187245,-513.7135441179024,-0.3658890656285608,2,"[4.0113767073082746E-5,4.0113767073082746E-5]","[0.6236387530265967,0.6236387530265967]","[0.23149786267552563,0.23149786267552563]","[3.7350421876603394E-7,3.838340297653857E-7]","[0.11110577947450986,0.11111110770469174]","[2.6645512721837337,2.6645512721837337]","[88.22349511187245,88.22349511187245]","[-513.6241668013486,-513.8029214344563]","[0.35750696633875856,0.35750696633875856]","[520.4025260792898,514.0158501642949]","[100,100]","[-0.31335909425925207,-0.4184190369978695]","[0.05123746270115889,0.001052537427039019]","[100,100]","[0.04756122469302656,0.04756122469302656]","[10,10]","[5613826377209524487,577149163985250684]","[0.43407759287447173,0.43407759287447173]","[10,10]"
2600,2600,0.10412659647587647,0.9484705465152313,0.25050016198495845,0.033392311787455956,1.273724600601158,0.08400835960847422,2.063427481428783E-5,77.59580682003194,-478.74981937034124,-0.41979558664142946,2,"[2.063427481428783E-5,2.063427481428783E-5]","[0.9484705465152313,0.9484705465152313]","[0.25050016198495845,0.25050016198495845]","[1.22280982127763E-7,1.2396471337909193E-7]","[0.11110307564519623,0.11109000718918911]","[1.273724600601158,1.273724600601158]","[77.59580682003194,77.59580682003194]","[-508.7488503754057,-448.7507883652767]","[0.10412659647587647,0.10412659647587647]","[522.7554540021918,467.2783095310609]","[100,100]","[-0.4444211303096342,-0.3951700429732247]","[0.05342781082345339,0.0834296537454555]","[100,100]","[0.033392311787455956,0.033392311787455956]","[10,10]","[2791922923801066003,6737116830433519158]","[0.08400835960847422,0.08400835960847422]","[10,10]"
2600,2600,0.8866355395590787,0.6076753234098252,0.328523363147625,0.02184922107189525,2.3834157277310486,0.5872336749320742,4.999330893111735E-5,67.2161115736371,-460.1629710837273,-0.28950453626803235,9,"[4.999330893111735E-5,4.999330893111735E-5,4.999330893111735E-5,4.999330893111735E-5,4.999330893111735E-5,4.999330893111735E-5,4.999330893111735E-5,4.999330893111735E-5,4.999330893111735E-5]","[0.6076753234098252,0.6076753234098252,0.6076753234098252,0.6076753234098252,0.6076753234098252,0.6076753234098252,0.6076753234098252,0.6076753234098252,0.6076753234098252]","[0.328523363147625,0.328523363147625,0.328523363147625,0.328523363147625,0.328523363147625,0.328523363147625,0.328523363147625,0.328523363147625,0.328523363147625]","[4.392186767912643E-7,5.447293086461491E-7,4.024126424232815E-7,5.079232742781658E-7,4.465798836648607E-7,5.103770099026978E-7,5.569979867688097E-7,3.0180948181746096E-7,5.030158030291012E-7]","[0.11110619771714471,0.11109338612898405,0.11110676622853531,0.11108817991471882,0.11105635295198792,0.1110506118604396,0.11108196826925161,0.11096747320214943,0.11107441516284765]","[2.3834157277310486,2.3834157277310486,2.3834157277310486,2.3834157277310486,2.3834157277310486,2.3834157277310486,2.3834157277310486,2.3834157277310486,2.3834157277310486]","[67.2161115736371,67.2161115736371,67.2161115736371,67.2161115736371,67.2161115736371,67.2161115736371,67.2161115736371,67.2161115736371,67.2161115736371]","[-525.4764825579049,-459.4112960198289,-489.15194621087784,-453.0228253136006,-451.81912040945565,-464.3015042576996,-442.8732521427965,-468.4452355923883,-460.1629710837273]","[0.8866355395590787,0.8866355395590787,0.8866355395590787,0.8866355395590787,0.8866355395590787,0.8866355395590787,0.8866355395590787,0.8866355395590787,0.8866355395590787]","[530.0127477384453,473.35899792158034,497.16560375376275,462.9014603478835,471.4560074375125,475.7497281512312,458.20217683011447,491.8197125105383,475.7639487104433]","[100,100,100,100,100,100,100,100,100]","[-0.3232376972380049,-0.3046089013302423,-0.2977977397243276,-0.2633185660968446,-0.28950453626803235,-0.11838461591101172,-0.32182459949077624,-0.2322351338200544,-0.21045806807126055]","[0.046230793072683525,0.07363507061301941,0.037976261004100204,0.09931877758716492,0.1260761500564598,0.1554609642192579,0.11220637626044111,0.23116235841857175,0.12657590436689437]","[100,100,100,100,100,100,100,100,100]","[0.02184922107189525,0.02184922107189525,0.02184922107189525,0.02184922107189525,0.02184922107189525,0.02184922107189525,0.02184922107189525,0.02184922107189525,0.02184922107189525]","[10,10,10,10,10,10,10,10,10]","[-5717786525433192330,5805995908648183456,5528275314634663087,-5585534759929240586,3571595418963911596,6772193160283368187,-499127730158748088,-8070049947163476848,4499270643265747278]","[0.5872336749320742,0.5872336749320742,0.5872336749320742,0.5872336749320742,0.5872336749320742,0.5872336749320742,0.5872336749320742,0.5872336749320742,0.5872336749320742]","[10,10,10,10,10,10,10,10,10]"
2600,2600,0.6802431608076238,0.5164445085372725,0.4543293208650161,0.008822371168278914,3.134910624082379,0.5871155357386909,1.4463931485201713E-5,61.892639249034254,-539.0008823840312,-0.376841839152548,1,"[1.4463931485201713E-5]","[0.5164445085372725]","[0.4543293208650161]","[1.198666007264218E-7]","[0.11105389174738566]","[3.134910624082379]","[61.892639249034254]","[-539.0008823840312]","[0.6802431608076238]","[558.4225843506779]","[100]","[-0.376841839152548]","[0.14779232112223648]","[100]","[0.008822371168278914]","[10]","[8833960878195651968]","[0.5871155357386909]","[10]"
2600,2600,0.5109454174438577,0.9155777249707345,0.20785612727001082,0.050113502363307805,2.6524440932849105,0.43707081319089697,4.9185320212151524E-5,59.60903688361238,-522.4691851414968,-0.3252646282145907,4,"[4.9185320212151524E-5,4.9185320212151524E-5,4.9185320212151524E-5,4.9185320212151524E-5]","[0.9155777249707345,0.9155777249707345,0.9155777249707345,0.9155777249707345]","[0.20785612727001082,0.20785612727001082,0.20785612727001082,0.20785612727001082]","[3.207792429922355E-7,3.514154628285726E-7,3.8385381324351806E-7,4.1809429423707094E-7]","[0.11109808756654786,0.11110703544739987,0.11110550092600534,0.11105034445385022]","[2.6524440932849105,2.6524440932849105,2.6524440932849105,2.6524440932849105]","[59.60903688361238,59.60903688361238,59.60903688361238,59.60903688361238]","[-544.5642550520802,-524.4206458386038,-517.3415223176585,-520.5177244443897]","[0.5109454174438577,0.5109454174438577,0.5109454174438577,0.5109454174438577]","[552.0613831164874,530.0661462749973,523.8976613218521,534.2489175751912]","[100,100,100,100]","[-0.3304075680550498,-0.3471929473166027,-0.2950228737993807,-0.3201216883741315]","[0.07514650598937511,0.042313480755137,0.051083224934187474,0.15724453664740135]","[100,100,100,100]","[0.050113502363307805,0.050113502363307805,0.050113502363307805,0.050113502363307805]","[10,10,10,10]","[245980346549218538,-7758554136376661004,-5477482586661344014,3094424931831985554]","[0.43707081319089697,0.43707081319089697,0.43707081319089697,0.43707081319089697]","[10,10,10,10]"
2600,2600,0.10385710400417907,0.9387504560446829,0.25009595306175614,0.033442807442161576,1.285476851428062,0.08406159088992869,2.067533788734216E-5,77.63040293554411,-476.4603449336382,-0.40190393935233476,5,"[2.067533788734216E-5,2.067533788734216E-5,2.067533788734216E-5,2.067533788734216E-5,2.067533788734216E-5]","[0.9387504560446829,0.9387504560446829,0.9387504560446829,0.9387504560446829,0.9387504560446829]","[0.25009595306175614,0.25009595306175614,0.25009595306175614,0.25009595306175614,0.25009595306175614]","[1.2733217588174975E-7,1.355403657319783E-7,1.2059725087643413E-7,1.2754264228816587E-7,1.3217290322932045E-7]","[0.1111057522826574,0.11107743348313415,0.11104422309617314,0.11109366451345318,0.11109287650725101]","[1.285476851428062,1.285476851428062,1.285476851428062,1.285476851428062,1.285476851428062]","[77.63040293554411,77.63040293554411,77.63040293554411,77.63040293554411,77.63040293554411]","[-476.87898999586855,-421.58423279221984,-490.6515260909392,-435.27778932429544,-476.4603449336382]","[0.10385710400417907,0.10385710400417907,0.10385710400417907,0.10385710400417907,0.10385710400417907]","[487.45471288365815,445.7179035155432,514.5266219111556,448.44294747201513,491.6889666104245]","[100,100,100,100,100]","[-0.43175993753290076,-0.40190393935233476,-0.3482310863314427,-0.4292783466354709,-0.3917053002673024]","[0.04834669230274301,0.11508499167453962,0.1723164433190971,0.07205500970759235,0.07647009371699302]","[100,100,100,100,100]","[0.033442807442161576,0.033442807442161576,0.033442807442161576,0.033442807442161576,0.033442807442161576]","[10,10,10,10,10]","[3596064062316424370,-281868959719770547,8419615052254033729,6481914518702140154,1924173410046388006]","[0.08406159088992869,0.08406159088992869,0.08406159088992869,0.08406159088992869,0.08406159088992869]","[10,10,10,10,10]"
2600,2600,0.8780509732088068,0.6369445586099709,0.35077283991775743,0.025669147037572088,2.4390948022509655,0.5391698129861099,5.0368046637163325E-5,66.73813357023748,-491.25874322019746,-0.2651490521993704,7,"[5.0368046637163325E-5,5.0368046637163325E-5,5.0368046637163325E-5,5.0368046637163325E-5,5.0368046637163325E-5,5.0368046637163325E-5,5.0368046637163325E-5]","[0.6369445586099709,0.6369445586099709,0.6369445586099709,0.6369445586099709,0.6369445586099709,0.6369445586099709,0.6369445586099709]","[0.35077283991775743,0.35077283991775743,0.35077283991775743,0.35077283991775743,0.35077283991775743,0.35077283991775743,0.35077283991775743]","[4.779735979297811E-7,5.66843060861449E-7,5.524317966022596E-7,5.067961264481598E-7,5.572355513553226E-7,4.89982984812439E-7,4.923848621889705E-7]","[0.11111069888890862,0.11107681073079682,0.1110848036523327,0.11027500449707775,0.11110558897503642,0.11109588285130888,0.111106494467405]","[2.4390948022509655,2.4390948022509655,2.4390948022509655,2.4390948022509655,2.4390948022509655,2.4390948022509655,2.4390948022509655]","[66.73813357023748,66.73813357023748,66.73813357023748,66.73813357023748,66.73813357023748,66.73813357023748,66.73813357023748]","[-510.48584287562335,-491.25874322019746,-486.82750964705224,-435.87717584559937,-560.1391381468962,-485.95552013966494,-507.6135743703813]","[0.8780509732088068,0.8780509732088068,0.8780509732088068,0.8780509732088068,0.8780509732088068,0.8780509732088068,0.8780509732088068]","[513.7072366535856,505.6084946678852,497.8054002159028,471.562659066225,563.2363759770801,496.16604792399755,511.1718170478771]","[100,100,100,100,100,100,100]","[-0.12259642875883482,-0.18657691941005136,-0.2989090495170835,-0.3111496161199643,-0.076005772927544,-0.3063436785435532,-0.2651490521993704]","[0.014960855434505784,0.12143162182672051,0.10164650989731257,0.5086570178562928,0.04679147923109377,0.07928681625124127,0.04409340299596033]","[100,100,100,100,100,100,100]","[0.025669147037572088,0.025669147037572088,0.025669147037572088,0.025669147037572088,0.025669147037572088,0.025669147037572088,0.025669147037572088]","[10,10,10,10,10,10,10]","[1889248275135803483,-4518046831236338840,8455627558012659940,-5954245457944660024,-4502572558735331552,4451995712355578132,-6965407085477485656]","[0.5391698129861099,0.5391698129861099,0.5391698129861099,0.5391698129861099,0.5391698129861099,0.5391698129861099,0.5391698129861099]","[10,10,10,10,10,10,10]"
